<?xml version="1.0" encoding="UTF-8"?>
<project-private xmlns="http://www.netbeans.org/ns/project-private/1">
    <editor-bookmarks xmlns="http://www.netbeans.org/ns/editor-bookmarks/2" lastBookmarkId="0"/>
    <open-files xmlns="http://www.netbeans.org/ns/projectui-open-files/2">
        <group>
            <file>file:/C:/Users/chuks/Documents/NetBeansProjects/TradePlatformAdmin/data-query.js</file>
            <file>file:/C:/Users/chuks/Documents/NetBeansProjects/TradePlatformAdmin/client/app/store/PermissionStore.js</file>
            <file>file:/C:/Users/chuks/Documents/NetBeansProjects/TradePlatformAdmin/client/classic/src/view/admin/AddAdminUserForm.js</file>
            <file>file:/C:/Users/chuks/Documents/NetBeansProjects/TradePlatformAdmin/client/classic/src/view/admin/AdminUserGrid.js</file>
            <file>file:/C:/Users/chuks/Documents/NetBeansProjects/TradePlatformAdmin/client/app/store/AdminUserStore.js</file>
            <file>file:/C:/Users/chuks/Documents/NetBeansProjects/TradePlatformAdmin/client/classic/src/view/register/BrokerRegistrationGrid.js</file>
            <file>file:/C:/Users/chuks/Documents/NetBeansProjects/TradePlatformAdmin/admin-server.js</file>
        </group>
    </open-files>
</project-private>
